{
  "$schema": "https://raw.githubusercontent.com/grafana/grafana/master/docs/sources/developers/plugins/plugin.schema.json",
  "type": "panel",
  "name": "Status Dot Map",
  "id": "owz-statusdotmap-panel",
  "info": {
    "description": "Plugin to visualize status of each resource with dot map representation",
    "author": {
      "name": "Prateek Jaiswal",
      "url": ""
    },
    "keywords": [
      "status",
      "status dot",
      "status map",
      "dot map"
    ],
    "logos": {
      "small": "img/logo.svg",
      "large": "img/logo.svg"
    },
    "links": [
      {
        "name": "Website",
        "url": "https://github.com/grafana/grafana-starter-panel"
      },
      {
        "name": "License",
        "url": "https://github.com/grafana/grafana-starter-panel/blob/master/LICENSE"
      }
    ],
    "screenshots": [],
    "version": "1.0.0",
    "updated": "2021-03-16"
  },
  "dependencies": {
    "grafanaDependency": ">=7.0.0",
    "plugins": []
  }
}